co,pm10,grade,o3,date,so2,pm25,city_name,aqi,no2
37,73,23~291,56,2013-12,97,轻度污染,北京,100,1.73
51,94,26~402,65,2014-01,123,轻度污染,北京,125,1.9480000000000002
56,148,33~428,69,2014-02,155,中度污染,北京,184,2.1709999999999998
34,94,35~319,62,2014-03,138,轻度污染,北京,130,1.3899999999999999
16,89,65~279,57,2014-04,145,轻度污染,北京,127,0.92700000000000005
15,61,46~205,47,2014-05,118,轻度污染,北京,107,0.83900000000000008
6,54,50~179,39,2014-06,74,轻度污染,北京,116,0.79000000000000004
6,89,39~252,39,2014-07,100,轻度污染,北京,140,0.93900000000000006
5,62,46~200,43,2014-08,88,轻度污染,北京,120,0.83900000000000008
6,65,43~200,49,2014-09,88,良,北京,99,0.98299999999999998
9,118,28~381,70,2014-10,148,中度污染,北京,154,1.339
16,86,29~342,65,2014-11,127,轻度污染,北京,117,1.5669999999999999
28,58,21~267,53,2014-12,95,良,北京,86,1.5519999999999998
34,97,28~378,66,2015-01,120,轻度污染,北京,126,1.9099999999999999
26,93,36~334,51,2015-02,114,轻度污染,北京,127,1.4569999999999999
20,86,40~281,53,2015-03,146,轻度污染,北京,127,1.194
9,71,38~212,43,2015-04,118,轻度污染,北京,107,0.76000000000000001
8,55,42~203,37,2015-05,97,轻度污染,北京,105,0.745
6,60,35~231,35,2015-06,70,轻度污染,北京,111,1.3030000000000002
4,61,41~200,35,2015-07,74,轻度污染,北京,122,0.82299999999999995
3,45,37~202,31,2015-08,66,轻度污染,北京,104,0.79000000000000004
5,50,34~201,43,2015-09,59,良,北京,83,0.83700000000000008
6,74,27~344,55,2015-10,86,轻度污染,北京,106,0.95499999999999996
12,119,37~450,62,2015-11,85,中度污染,北京,153,1.9830000000000001
20,152,23~485,76,2015-12,172,中度污染,北京,187,2.8650000000000002
20,68,32~316,53,2016-01,88,良,北京,97,1.5840000000000001
15,44,34~238,35,2016-02,59,良,北京,71,0.90300000000000002
18,93,37~365,57,2016-03,136,轻度污染,北京,132,1.2290000000000001
10,69,43~209,44,2016-04,118,轻度污染,北京,106,0.80299999999999994
8,54,49~234,38,2016-05,90,轻度污染,北京,111,0.66500000000000004
5,59,50~189,35,2016-06,70,轻度污染,北京,126,0.76700000000000002
3,69,40~177,33,2016-07,74,轻度污染,北京,118,0.91599999999999993
3,47,34~179,35,2016-08,60,良,北京,94,0.83200000000000007
3,55,0~211,43,2016-09,73,良,北京,86,0.76000000000000001
4,85,29~292,56,2016-10,101,轻度污染,北京,116,1.155
11,100,28~315,68,2016-11,134,轻度污染,北京,133,1.7969999999999999
17,133,54~431,80,2016-12,159,中度污染,北京,168,2.5099999999999998
18,114,34~470,64,2017-01,146,轻度污染,北京,147,2.1579999999999999
18,70,37~295,53,2017-02,85,轻度污染,北京,101,1.2819999999999998
11,63,40~272,49,2017-03,89,良,北京,95,0.86099999999999999
7,53,41~165,48,2017-04,108,良,北京,89,0.66700000000000004
7,59,54~500,36,2017-05,137,轻度污染,北京,135,0.64200000000000002
6,42,51~199,38,2017-06,78,轻度污染,北京,123,0.72999999999999998
3,52,40~205,34,2017-07,77,轻度污染,北京,116,0.83900000000000008
3,38,35~155,35,2017-08,58,良,北京,84,0.75800000000000001
4,57,39~185,49,2017-09,98,良,北京,97,0.88
3,57,25~220,45,2017-10,67,良,北京,84,0.87400000000000011
5,45,30~202,49,2017-11,73,良,北京,75,0.85999999999999999
8,44,27~225,49,2017-12,66,良,北京,76,0.9840000000000001
8,34,29~175,42,2018-01,64,良,北京,66,0.83200000000000007
10,50,36~219,34,2018-02,74,良,北京,81,0.85699999999999998
10,90,46~500,58,2018-03,130,轻度污染,北京,135,1.087
13,199,226~272,75,2018-04,234,重度污染,北京,249,1.6499999999999999
48,125,24~468,71,2013-12,140,中度污染,上海,158,1.3730000000000002
28,77,30~238,54,2014-01,90,轻度污染,上海,103,0.997
17,52,27~240,36,2014-02,59,良,上海,74,0.79599999999999993
19,57,39~202,51,2014-03,84,良,上海,82,0.78700000000000003
15,53,50~187,47,2014-04,67,良,上海,77,0.72699999999999998
17,63,53~193,42,2014-05,99,良,上海,96,0.77700000000000002
12,44,37~182,35,2014-06,58,良,上海,72,0.71999999999999997
12,45,32~167,31,2014-07,63,良,上海,74,0.76500000000000001
13,38,30~150,34,2014-08,52,良,上海,67,0.76800000000000002
13,35,32~138,32,2014-09,52,良,上海,69,0.73999999999999999
16,40,52~137,42,2014-10,68,良,上海,77,0.78099999999999992
18,52,38~182,52,2014-11,71,良,上海,74,0.84299999999999997
36,72,39~190,68,2014-12,113,良,上海,99,1.0900000000000001
29,83,28~256,63,2015-01,108,轻度污染,上海,111,1.0900000000000001
20,64,34~222,46,2015-02,85,良,上海,90,0.94599999999999995
15,54,37~143,48,2015-03,66,良,上海,81,0.84499999999999997
16,56,44~166,53,2015-04,81,良,上海,88,0.79000000000000004
12,44,51~117,39,2015-05,63,良,上海,77,0.69700000000000006
11,43,43~188,35,2015-06,57,良,上海,80,0.69700000000000006
11,39,31~171,31,2015-07,57,良,上海,84,0.65799999999999992
13,40,28~181,28,2015-08,58,良,上海,86,0.73499999999999999
13,34,35~159,32,2015-09,49,良,上海,79,0.71999999999999997
17,47,47~133,49,2015-10,73,良,上海,82,0.81599999999999995
17,58,35~179,58,2015-11,74,良,上海,87,1.0900000000000001
25,82,53~266,67,2015-12,104,轻度污染,上海,117,1.1970000000000001
24,70,40~213,57,2016-01,91,轻度污染,上海,102,1.0449999999999999
19,54,42~178,43,2016-02,78,良,上海,80,0.85499999999999998
17,52,45~134,49,2016-03,76,良,上海,80,0.68400000000000005
14,56,53~159,50,2016-04,81,良,上海,90,0.73699999999999999
12,51,51~163,41,2016-05,77,良,上海,93,0.74199999999999999
10,40,43~139,36,2016-06,54,良,上海,79,0.70299999999999996
10,38,24~169,31,2016-07,59,良,上海,95,0.752
11,19,26~135,23,2016-08,36,良,上海,59,0.66500000000000004
12,32,23~163,34,2016-09,45,良,上海,68,0.72299999999999998
12,22,29~72,33,2016-10,37,良,上海,51,0.63200000000000001
16,44,37~144,58,2016-11,62,良,上海,78,0.86699999999999999
19,58,38~185,65,2016-12,77,良,上海,94,1.0580000000000001
17,44,35~130,47,2017-01,58,良,上海,74,0.89400000000000002
14,50,38~158,49,2017-02,60,良,上海,78,0.82900000000000007
12,45,47~105,50,2017-03,62,良,上海,71,0.72299999999999998
12,45,54~135,51,2017-04,73,良,上海,90,0.79299999999999993
11,32,43~154,37,2017-05,66,良,上海,88,0.626
9,38,45~157,35,2017-06,47,良,上海,82,0.66299999999999992
10,33,33~204,30,2017-07,57,轻度污染,上海,114,0.66799999999999993
8,31,25~191,32,2017-08,50,良,上海,95,0.73199999999999998
9,26,43~160,36,2017-09,43,良,上海,74,0.71999999999999997
9,24,38~87,33,2017-10,43,良,上海,58,0.68700000000000006
13,42,41~129,59,2017-11,70,良,上海,79,0.80299999999999994
15,54,48~225,68,2017-12,76,良,上海,93,0.98999999999999999
14,58,35~239,58,2018-01,68,良,上海,92,0.98099999999999998
14,44,39~162,47,2018-02,63,良,上海,73,0.77500000000000002
12,41,42~120,45,2018-03,54,良,上海,70,0.63500000000000001
17,44,82~94,49,2018-04,104,良,上海,88,0.65000000000000002
27,82,21~190,63,2013-12,106,轻度污染,广州,109,1.2830000000000001
22,90,59~207,74,2014-01,117,轻度污染,广州,120,1.371
12,46,12~145,44,2014-02,61,良,广州,63,0.97099999999999997
17,55,28~172,57,2014-03,79,良,广州,77,1.129
19,49,48~108,54,2014-04,69,良,广州,69,0.96700000000000008
16,33,33~102,43,2014-05,49,良,广州,52,0.96099999999999997
15,34,34~142,38,2014-06,53,良,广州,71,0.88700000000000001
16,35,29~191,35,2014-07,55,良,广州,84,0.755
15,31,26~186,34,2014-08,49,良,广州,76,0.77700000000000002
16,36,23~148,35,2014-09,56,良,广州,75,0.84299999999999997
17,59,52~139,49,2014-10,85,良,广州,96,0.94499999999999995
16,50,15~125,48,2014-11,67,良,广州,70,1.0800000000000001
19,55,28~142,41,2014-12,82,良,广州,76,1.232
20,60,22~176,65,2015-01,85,良,广州,81,1.2609999999999999
12,55,28~147,49,2015-02,75,良,广州,75,1.079
10,33,17~90,45,2015-03,49,优,广州,49,1.0229999999999999
14,38,21~170,45,2015-04,60,良,广州,71,1.04
12,27,28~99,42,2015-05,42,优,广州,47,0.84499999999999997
11,21,28~89,31,2015-06,36,良,广州,52,0.73999999999999999
9,28,38~159,32,2015-07,45,良,广州,65,0.81000000000000005
13,39,49~200,39,2015-08,60,良,广州,89,0.88400000000000001
11,42,45~157,44,2015-09,65,良,广州,80,0.90000000000000002
12,45,30~131,53,2015-10,77,良,广州,71,0.91900000000000004
14,38,33~95,50,2015-11,67,良,广州,65,1.0129999999999999
12,41,33~166,50,2015-12,64,良,广州,69,1.0900000000000001
9,35,29~153,49,2016-01,54,良,广州,65,1.097
9,36,30~130,40,2016-02,53,良,广州,58,0.86599999999999999
13,47,30~175,61,2016-03,71,良,广州,78,1.0680000000000001
13,38,45~129,51,2016-04,55,良,广州,66,1.0529999999999999
11,31,33~147,38,2016-05,51,良,广州,65,0.92599999999999993
9,23,36~120,33,2016-06,41,良,广州,60,0.84999999999999998
12,27,28~202,33,2016-07,45,良,广州,74,0.877
14,37,25~197,40,2016-08,56,良,广州,82,0.89400000000000002
12,36,38~201,41,2016-09,57,良,广州,76,0.90300000000000002
11,30,33~85,35,2016-10,48,良,广州,51,0.89000000000000001
14,41,33~166,62,2016-11,69,良,广州,76,1.0170000000000001
14,51,37~128,71,2016-12,83,良,广州,86,1.103
12,54,40~205,65,2017-01,78,良,广州,82,1.2030000000000001
13,44,32~118,59,2017-02,64,良,广州,75,0.90000000000000002
12,41,49~106,65,2017-03,69,良,广州,81,0.95200000000000007
12,34,45~173,58,2017-04,61,良,广州,83,0.81999999999999995
12,34,44~201,52,2017-05,58,良,广州,89,0.84499999999999997
10,19,39~110,39,2017-06,36,良,广州,56,0.73299999999999998
12,21,35~142,42,2017-07,37,良,广州,65,0.77099999999999991
11,23,29~144,39,2017-08,41,良,广州,70,0.76800000000000002
12,34,37~201,51,2017-09,56,良,广州,94,0.92700000000000005
11,32,29~116,42,2017-10,51,良,广州,65,0.84799999999999998
11,39,37~110,51,2017-11,61,良,广州,68,0.94999999999999996
16,51,38~125,65,2017-12,77,良,广州,80,0.96799999999999997
14,62,38~196,75,2018-01,84,良,广州,96,1.1320000000000001
11,44,27~189,45,2018-02,58,良,广州,71,0.77900000000000003
13,43,38~149,61,2018-03,65,良,广州,85,0.83499999999999996
17,51,134~159,55,2018-04,85,轻度污染,广州,147,0.84999999999999998
19,77,21~173,51,2013-12,109,轻度污染,深圳,103,1.4330000000000001
14,60,43~130,42,2014-01,90,良,深圳,82,1.248
7,31,20~66,30,2014-02,45,优,深圳,47,1.157
8,37,27~90,37,2014-03,61,良,深圳,56,0.91900000000000004
8,32,29~71,34,2014-04,53,良,深圳,52,0.92000000000000004
6,17,22~51,28,2014-05,32,优,深圳,34,0.87400000000000011
6,20,23~82,26,2014-06,42,优,深圳,42,0.94299999999999995
7,20,26~105,27,2014-07,43,优,深圳,44,1.097
6,15,24~73,27,2014-08,36,优,深圳,36,0.92900000000000005
7,26,27~125,30,2014-09,51,良,深圳,52,1.1299999999999999
9,45,52~116,32,2014-10,76,良,深圳,73,1.2130000000000001
9,43,38~93,37,2014-11,66,良,深圳,62,1.1870000000000001
11,50,26~99,44,2014-12,77,良,深圳,70,1.2229999999999999
10,49,30~131,45,2015-01,80,良,深圳,70,1.226
9,47,25~131,33,2015-02,72,良,深圳,67,1.0820000000000001
7,31,32~70,33,2015-03,52,优,深圳,49,0.97699999999999998
8,27,25~95,34,2015-04,52,良,深圳,52,0.85299999999999998
7,16,24~76,29,2015-05,33,优,深圳,36,0.82900000000000007
8,11,23~37,25,2015-06,26,优,深圳,28,0.74299999999999999
8,19,29~83,27,2015-07,34,优,深圳,43,0.83499999999999996
10,25,29~109,36,2015-08,43,良,深圳,56,0.82900000000000007
8,30,30~114,30,2015-09,46,良,深圳,61,0.74299999999999999
9,38,25~137,34,2015-10,59,良,深圳,68,0.75800000000000001
8,32,30~94,32,2015-11,52,良,深圳,54,0.81999999999999995
8,32,29~82,37,2015-12,50,良,深圳,53,0.97699999999999998
7,30,33~99,38,2016-01,44,良,深圳,54,0.98099999999999998
8,30,30~88,30,2016-02,46,良,深圳,51,0.82099999999999995
10,35,31~119,43,2016-03,53,良,深圳,62,0.85499999999999998
10,26,32~85,36,2016-04,40,良,深圳,55,0.75700000000000001
9,22,29~112,26,2016-05,36,良,深圳,53,0.81000000000000005
8,13,26~59,27,2016-06,25,优,深圳,38,0.627
9,17,24~167,27,2016-07,30,良,深圳,51,0.66799999999999993
8,24,29~132,32,2016-08,38,良,深圳,62,0.76800000000000002
8,27,35~134,30,2016-09,42,良,深圳,64,0.78299999999999992
6,24,23~68,27,2016-10,38,优,深圳,46,0.77099999999999991
7,31,33~111,36,2016-11,49,良,深圳,55,0.84999999999999998
9,45,33~95,43,2016-12,71,良,深圳,67,0.97400000000000009
7,38,38~84,33,2017-01,56,良,深圳,61,0.95499999999999996
7,32,35~88,30,2017-02,46,良,深圳,59,0.81799999999999995
7,31,37~86,34,2017-03,51,良,深圳,55,0.78700000000000003
8,27,33~115,33,2017-04,44,良,深圳,58,0.73299999999999998
8,27,30~141,31,2017-05,42,良,深圳,67,0.78700000000000003
7,12,23~49,24,2017-06,23,优,深圳,33,0.65300000000000002
7,14,20~143,23,2017-07,24,优,深圳,39,0.60599999999999998
8,18,25~160,28,2017-08,30,优,深圳,48,0.66099999999999992
7,25,24~180,29,2017-09,40,良,深圳,63,0.71299999999999997
7,30,25~120,22,2017-10,49,良,深圳,63,0.755
8,37,33~102,32,2017-11,58,良,深圳,59,0.80700000000000005
11,47,36~108,35,2017-12,76,良,深圳,70,0.78700000000000003
8,40,30~135,38,2018-01,63,良,深圳,63,0.83900000000000008
8,36,24~80,27,2018-02,55,良,深圳,56,0.67900000000000005
7,28,25~85,30,2018-03,47,良,深圳,59,0.61899999999999999
10,34,60~75,33,2018-04,61,良,深圳,68,0.55000000000000004
45,142,33~413,79,2013-12,192,中度污染,杭州,179,1.6230000000000002
33,103,53~265,61,2014-01,142,轻度污染,杭州,136,1.155
19,60,20~252,39,2014-02,71,良,杭州,81,0.879
23,59,46~139,50,2014-03,95,良,杭州,82,0.82599999999999996
22,60,37~140,51,2014-04,96,良,杭州,83,0.77000000000000002
19,59,46~151,46,2014-05,115,良,杭州,91,0.82299999999999995
13,54,36~181,40,2014-06,88,良,杭州,89,0.81299999999999994
10,44,36~150,34,2014-07,72,良,杭州,84,0.76800000000000002
12,45,27~120,35,2014-08,70,良,杭州,75,0.90300000000000002
15,46,28~162,34,2014-09,70,良,杭州,74,0.81299999999999994
21,59,49~146,47,2014-10,98,良,杭州,88,0.84799999999999998
22,75,41~164,59,2014-11,107,轻度污染,杭州,101,1.05
32,72,57~145,61,2014-12,117,良,杭州,100,1.006
25,89,31~236,62,2015-01,120,轻度污染,杭州,118,1.2229999999999999
13,65,30~179,39,2015-02,87,良,杭州,88,0.94999999999999996
15,53,45~138,47,2015-03,81,良,杭州,76,0.83900000000000008
17,54,35~136,48,2015-04,89,良,杭州,82,0.84699999999999998
15,54,40~169,41,2015-05,82,良,杭州,94,0.75800000000000001
9,40,36~104,36,2015-06,61,良,杭州,68,0.73699999999999999
10,31,21~115,31,2015-07,49,良,杭州,64,0.70599999999999996
13,39,27~138,34,2015-08,61,良,杭州,81,0.79700000000000004
16,43,31~172,43,2015-09,67,良,杭州,91,0.83700000000000008
18,56,48~143,53,2015-10,90,良,杭州,83,0.86099999999999999
15,52,39~147,57,2015-11,77,良,杭州,80,1.107
20,90,56~283,65,2015-12,135,轻度污染,杭州,123,1.1899999999999999
17,80,56~222,63,2016-01,119,轻度污染,杭州,111,1.0609999999999999
14,64,38~162,41,2016-02,101,良,杭州,89,0.84799999999999998
16,72,40~217,58,2016-03,123,良,杭州,99,0.83200000000000007
11,46,46~143,50,2016-04,82,良,杭州,83,0.81000000000000005
9,46,52~128,43,2016-05,77,良,杭州,85,0.82900000000000007
8,36,34~152,36,2016-06,58,良,杭州,74,0.75
8,32,25~173,32,2016-07,55,良,杭州,81,0.72299999999999998
9,25,23~144,20,2016-08,41,良,杭州,93,0.626
10,33,27~141,30,2016-09,50,良,杭州,75,0.69700000000000006
12,32,38~87,45,2016-10,54,良,杭州,60,0.79700000000000004
13,52,35~139,56,2016-11,85,良,杭州,79,0.97299999999999998
15,69,44~158,63,2016-12,110,良,杭州,98,1.123
14,63,38~210,50,2017-01,90,良,杭州,91,1.032
14,67,37~172,51,2017-02,93,良,杭州,92,0.90700000000000003
13,54,43~159,54,2017-03,87,良,杭州,80,0.81599999999999995
13,47,43~139,49,2017-04,83,良,杭州,89,0.88300000000000001
11,41,42~189,45,2017-05,72,轻度污染,杭州,102,0.82299999999999995
8,30,38~190,34,2017-06,45,良,杭州,72,0.77300000000000002
8,27,36~201,28,2017-07,47,良,杭州,88,0.68099999999999994
7,23,34~129,28,2017-08,38,良,杭州,76,0.69700000000000006
9,32,34~176,39,2017-09,51,良,杭州,81,0.90300000000000002
11,32,33~135,42,2017-10,58,良,杭州,63,0.83499999999999996
12,48,35~113,58,2017-11,84,良,杭州,78,0.95700000000000007
14,74,64~236,67,2017-12,117,轻度污染,杭州,102,1.1970000000000001
14,66,44~186,60,2018-01,96,良,杭州,97,1.0449999999999999
11,58,29~183,43,2018-02,86,良,杭州,82,0.95700000000000007
9,45,43~128,51,2018-03,74,良,杭州,73,0.91900000000000004
11,53,95~101,72,2018-04,100,良,杭州,98,1.0
129,120,31~371,78,2013-12,203,中度污染,天津,156,2.7000000000000002
113,113,26~357,71,2014-01,179,轻度污染,天津,147,2.5259999999999998
100,96,31~289,61,2014-02,136,轻度污染,天津,129,2.0790000000000002
69,112,57~252,71,2014-03,173,轻度污染,天津,150,1.994
35,85,64~199,56,2014-04,153,轻度污染,天津,121,1.4099999999999999
29,70,44~204,49,2014-05,132,轻度污染,天津,102,1.3480000000000001
21,58,47~141,41,2014-06,93,良,天津,97,1.3869999999999998
22,76,63~177,39,2014-07,114,轻度污染,天津,117,1.4969999999999999
20,57,48~134,40,2014-08,100,良,天津,87,1.452
21,56,37~150,40,2014-09,87,良,天津,80,1.29
19,99,42~285,53,2014-10,146,轻度污染,天津,134,1.1420000000000001
52,111,50~422,68,2014-11,156,轻度污染,天津,145,1.8869999999999998
76,107,43~378,65,2014-12,154,轻度污染,天津,144,2.0609999999999999
76,100,36~364,70,2015-01,161,轻度污染,天津,133,2.2519999999999998
60,80,42~236,51,2015-02,146,轻度污染,天津,116,1.746
37,72,54~274,52,2015-03,166,轻度污染,天津,117,1.4350000000000001
15,64,39~145,30,2015-04,109,良,天津,92,0.91299999999999992
14,51,40~156,27,2015-05,90,良,天津,88,0.97699999999999998
15,59,32~175,34,2015-06,92,良,天津,99,1.3630000000000002
7,49,46~122,18,2015-07,88,良,天津,78,0.70599999999999996
11,50,44~149,25,2015-08,94,良,天津,78,1.0
13,44,27~147,25,2015-09,75,良,天津,68,0.87
17,54,37~219,42,2015-10,100,良,天津,86,1.0580000000000001
36,88,35~345,57,2015-11,133,轻度污染,天津,119,2.0369999999999999
45,125,28~391,66,2015-12,189,中度污染,天津,162,2.0580000000000003
37,74,49~384,58,2016-01,124,轻度污染,天津,106,1.5649999999999999
27,50,30~189,42,2016-02,85,良,天津,77,1.3169999999999999
30,81,49~267,54,2016-03,148,轻度污染,天津,121,1.516
19,64,53~273,43,2016-04,128,轻度污染,天津,100,0.99299999999999999
17,51,57~154,42,2016-05,93,良,天津,90,0.94200000000000006
12,54,51~185,36,2016-06,77,轻度污染,天津,101,0.997
7,53,32~136,28,2016-07,71,良,天津,88,0.85799999999999998
9,41,38~135,31,2016-08,65,良,天津,72,0.85499999999999998
15,52,40~165,42,2016-09,83,良,天津,88,1.2429999999999999
18,64,40~225,51,2016-10,90,良,天津,91,1.4259999999999999
27,104,32~307,66,2016-11,150,轻度污染,天津,138,2.0230000000000001
35,135,60~340,84,2016-12,177,中度污染,天津,175,2.7389999999999999
31,108,40~330,67,2017-01,141,轻度污染,天津,143,2.3999999999999999
28,84,43~289,64,2017-02,124,轻度污染,天津,119,1.611
24,70,43~252,64,2017-03,112,轻度污染,天津,101,1.3030000000000002
19,64,60~173,57,2017-04,132,良,天津,99,1.1699999999999999
12,60,54~500,40,2017-05,166,轻度污染,天津,137,0.93900000000000006
10,46,52~178,36,2017-06,84,轻度污染,天津,114,1.01
6,51,46~187,30,2017-07,79,轻度污染,天津,103,1.097
8,37,39~153,31,2017-08,58,良,天津,89,1.0840000000000001
13,54,44~153,40,2017-09,92,轻度污染,天津,101,1.1870000000000001
12,61,34~246,54,2017-10,78,良,天津,91,1.2809999999999999
14,53,43~199,58,2017-11,88,良,天津,87,1.1399999999999999
18,68,43~242,61,2017-12,101,轻度污染,天津,102,1.5349999999999999
19,51,32~183,56,2018-01,84,良,天津,82,1.365
17,61,37~186,42,2018-02,92,良,天津,92,1.1890000000000001
15,78,49~326,59,2018-03,116,轻度污染,天津,117,1.1970000000000001
14,161,201~220,71,2018-04,218,重度污染,天津,211,1.6499999999999999
32,136,72~285,76,2013-12,209,中度污染,成都,175,1.607
32,179,74~462,73,2014-01,256,重度污染,成都,222,1.587
25,113,43~234,49,2014-02,150,轻度污染,成都,149,1.421
24,84,40~211,64,2014-03,137,轻度污染,成都,114,1.2969999999999999
16,60,43~160,51,2014-04,100,良,成都,90,1.0369999999999999
15,76,60~185,52,2014-05,131,轻度污染,成都,110,0.81900000000000006
13,44,36~166,46,2014-06,72,良,成都,74,0.86299999999999999
13,40,27~122,47,2014-07,71,良,成都,75,0.86799999999999999
12,38,28~108,44,2014-08,64,良,成都,69,0.91599999999999993
14,40,31~114,46,2014-09,68,良,成都,62,0.95999999999999996
16,64,37~219,52,2014-10,104,良,成都,88,1.1100000000000001
15,53,41~132,49,2014-11,96,良,成都,76,1.0669999999999999
23,84,55~230,57,2014-12,156,轻度污染,成都,117,1.21
20,126,43~259,61,2015-01,195,中度污染,成都,165,1.5840000000000001
15,86,43~221,45,2015-02,126,轻度污染,成都,115,1.3459999999999999
15,68,58~146,51,2015-03,114,良,成都,94,1.1259999999999999
15,54,43~148,49,2015-04,101,良,成都,88,0.88700000000000001
13,49,60~176,44,2015-05,98,轻度污染,成都,107,0.81000000000000005
14,38,36~170,38,2015-06,70,良,成都,87,0.82299999999999995
15,45,37~153,48,2015-07,82,轻度污染,成都,106,0.93900000000000006
14,44,39~159,52,2015-08,78,良,成都,85,1.032
13,35,38~120,47,2015-09,60,良,成都,64,1.03
17,63,40~168,59,2015-10,109,良,成都,91,1.052
16,50,40~123,48,2015-11,84,良,成都,74,1.117
18,90,48~304,65,2015-12,143,轻度污染,成都,120,1.423
17,81,50~214,57,2016-01,127,轻度污染,成都,110,1.355
14,67,52~188,53,2016-02,111,良,成都,97,1.3619999999999999
18,75,45~176,67,2016-03,131,轻度污染,成都,105,1.4319999999999999
14,65,49~209,57,2016-04,104,良,成都,94,1.0270000000000001
13,57,40~189,49,2016-05,97,良,成都,92,0.95499999999999996
12,44,51~150,45,2016-06,76,良,成都,95,0.93999999999999995
13,30,44~202,40,2016-07,51,良,成都,85,0.89000000000000001
14,41,50~206,47,2016-08,68,轻度污染,成都,105,1.01
13,45,47~120,49,2016-09,69,良,成都,80,1.02
13,47,40~126,48,2016-10,81,良,成都,75,1.0680000000000001
16,86,48~244,62,2016-11,150,轻度污染,成都,117,1.3200000000000001
18,117,53~252,69,2016-12,193,中度污染,成都,154,1.581
18,136,45~375,69,2017-01,205,中度污染,成都,174,1.5680000000000001
14,81,42~214,56,2017-02,119,轻度污染,成都,111,1.1140000000000001
13,50,47~123,58,2017-03,81,良,成都,78,0.90000000000000002
14,33,39~130,54,2017-04,67,良,成都,79,0.79700000000000004
10,43,44~142,51,2017-05,73,良,成都,95,0.69700000000000006
11,43,41~131,48,2017-06,71,良,成都,82,0.80000000000000004
8,27,40~204,44,2017-07,53,轻度污染,成都,114,0.80599999999999994
8,20,28~138,34,2017-08,37,良,成都,79,0.77400000000000002
10,30,40~134,42,2017-09,52,良,成都,66,0.78000000000000003
9,37,29~107,45,2017-10,59,良,成都,64,0.77099999999999991
12,67,47~166,56,2017-11,101,良,成都,96,0.94299999999999995
12,106,70~242,71,2017-12,162,轻度污染,成都,144,1.2869999999999999
11,86,37~267,62,2018-01,127,轻度污染,成都,115,1.206
9,80,39~221,47,2018-02,122,轻度污染,成都,111,1.0249999999999999
12,65,40~166,61,2018-03,105,良,成都,94,1.0290000000000001
11,43,72~93,57,2018-04,104,良,成都,83,0.90000000000000002
61,155,61~386,87,2013-12,243,中度污染,南京,195,1.6200000000000001
46,129,65~347,73,2014-01,201,中度污染,南京,166,1.3740000000000001
24,78,24~242,44,2014-02,109,轻度污染,南京,105,1.0209999999999999
33,75,55~256,62,2014-03,141,轻度污染,南京,107,0.82599999999999996
22,60,47~144,53,2014-04,108,良,南京,93,0.69700000000000006
26,85,70~270,56,2014-05,172,轻度污染,南京,134,0.88700000000000001
20,90,49~216,45,2014-06,128,轻度污染,南京,130,0.81299999999999994
13,65,35~169,36,2014-07,92,良,南京,98,0.81599999999999995
11,42,26~126,31,2014-08,59,良,南京,59,0.75800000000000001
13,51,36~142,37,2014-09,82,良,南京,77,0.73299999999999998
17,67,60~176,54,2014-10,120,良,南京,96,0.79000000000000004
21,82,37~243,60,2014-11,132,轻度污染,南京,111,1.0369999999999999
30,63,65~148,58,2014-12,136,良,南京,98,1.0649999999999999
30,96,46~281,66,2015-01,154,轻度污染,南京,129,1.3130000000000002
21,73,29~212,44,2015-02,115,轻度污染,南京,101,1.175
20,56,31~186,49,2015-03,96,良,南京,83,1.113
20,50,44~153,56,2015-04,95,良,南京,87,0.92000000000000004
18,52,45~145,47,2015-05,90,良,南京,95,0.88700000000000001
14,46,28~185,39,2015-06,77,良,南京,89,0.86299999999999999
12,36,28~146,36,2015-07,64,良,南京,77,0.71299999999999997
14,33,30~166,38,2015-08,65,良,南京,93,0.745
15,30,50~145,44,2015-09,62,良,南京,84,0.73299999999999998
22,56,42~201,61,2015-10,112,良,南京,92,0.93200000000000005
17,57,39~190,53,2015-11,88,良,南京,84,1.087
25,94,60~241,65,2015-12,143,轻度污染,南京,131,1.21
26,79,47~234,58,2016-01,124,轻度污染,南京,111,1.345
22,69,47~153,47,2016-02,116,轻度污染,南京,100,1.345
21,77,42~200,57,2016-03,133,轻度污染,南京,110,1.216
18,45,41~143,45,2016-04,89,良,南京,86,0.99299999999999999
15,43,51~235,37,2016-05,88,良,南京,97,1.0390000000000001
17,37,43~152,34,2016-06,62,良,南京,80,0.93999999999999995
18,30,34~140,30,2016-07,56,良,南京,76,1.006
16,26,39~203,31,2016-08,54,良,南京,97,0.82900000000000007
14,33,32~179,37,2016-09,67,轻度污染,南京,102,0.81700000000000006
11,25,33~109,39,2016-10,47,良,南京,56,1.0190000000000001
18,43,30~123,51,2016-11,84,良,南京,72,1.2270000000000001
23,66,40~158,65,2016-12,113,良,南京,96,1.306
20,59,47~206,51,2017-01,96,良,南京,89,1.1899999999999999
20,60,46~128,53,2017-02,95,良,南京,86,1.2290000000000001
18,47,54~114,54,2017-03,90,良,南京,77,1.119
18,42,45~122,51,2017-04,94,良,南京,92,1.1699999999999999
18,35,34~194,45,2017-05,89,轻度污染,南京,110,0.99400000000000011
13,31,40~197,37,2017-06,61,轻度污染,南京,107,0.88
13,18,33~145,34,2017-07,46,良,南京,79,0.94499999999999995
12,16,35~126,33,2017-08,40,良,南京,63,0.91599999999999993
10,26,35~137,40,2017-09,49,良,南京,71,0.88700000000000001
10,31,32~127,43,2017-10,56,良,南京,64,0.72299999999999998
19,49,46~125,60,2017-11,104,良,南京,82,0.873
18,77,52~304,67,2017-12,131,轻度污染,南京,109,1.081
14,90,37~271,61,2018-01,123,轻度污染,南京,124,1.0740000000000001
13,59,34~183,47,2018-02,99,良,南京,86,0.8640000000000001
13,48,41~112,52,2018-03,86,良,南京,74,0.745
19,68,92~104,72,2018-04,126,良,南京,98,0.84999999999999998
79,122,66~481,64,2013-12,202,中度污染,西安,156,2.9419999999999997
85,133,72~352,72,2014-01,229,中度污染,西安,175,3.0369999999999999
65,173,83~432,53,2014-02,241,重度污染,西安,218,2.5069999999999997
37,85,74~250,50,2014-03,188,轻度污染,西安,134,2.242
17,64,55~181,46,2014-04,149,轻度污染,西安,101,1.6969999999999998
16,55,58~221,32,2014-05,149,良,西安,100,1.5290000000000001
13,46,53~136,34,2014-06,97,良,西安,78,1.4199999999999999
9,36,27~110,34,2014-07,87,良,西安,82,1.0580000000000001
11,44,33~114,39,2014-08,93,良,西安,74,1.2190000000000001
11,39,18~113,38,2014-09,76,良,西安,61,1.383
20,78,44~251,48,2014-10,152,轻度污染,西安,111,1.51
37,84,53~239,48,2014-11,155,轻度污染,西安,118,1.883
53,67,60~182,48,2014-12,152,轻度污染,西安,104,2.0350000000000001
55,95,61~242,51,2015-01,188,轻度污染,西安,132,2.8969999999999998
38,65,67~200,38,2015-02,147,轻度污染,西安,104,2.4819999999999998
26,60,53~177,40,2015-03,132,良,西安,93,1.7869999999999999
17,40,43~138,36,2015-04,106,良,西安,78,1.7430000000000001
17,40,60~103,36,2015-05,101,良,西安,78,1.5319999999999998
11,36,32~101,32,2015-06,82,良,西安,70,1.27
9,41,61~142,36,2015-07,98,良,西安,95,1.032
10,43,35~169,43,2015-08,102,良,西安,90,1.0229999999999999
13,42,37~102,42,2015-09,84,良,西安,70,1.143
21,63,31~202,53,2015-10,153,轻度污染,西安,104,1.452
25,59,38~265,49,2015-11,126,良,西安,91,2.0600000000000001
44,111,63~317,63,2015-12,212,中度污染,西安,152,2.7839999999999998
39,113,63~333,60,2016-01,207,中度污染,西安,154,3.0129999999999999
28,69,52~251,47,2016-02,146,轻度污染,西安,108,1.8169999999999999
27,78,58~192,63,2016-03,188,轻度污染,西安,125,1.8869999999999998
17,55,61~148,58,2016-04,138,良,西安,96,1.3999999999999999
13,44,47~168,47,2016-05,105,良,西安,87,1.113
8,32,46~179,38,2016-06,76,轻度污染,西安,101,1.1000000000000001
6,27,35~168,32,2016-07,59,良,西安,83,0.92599999999999993
8,36,36~121,34,2016-08,71,良,西安,83,0.95200000000000007
14,53,47~130,56,2016-09,104,良,西安,91,1.2170000000000001
12,53,39~153,51,2016-10,98,良,西安,79,1.355
26,124,44~304,70,2016-11,221,中度污染,西安,169,2.1800000000000002
35,173,71~458,77,2016-12,233,重度污染,西安,214,2.4969999999999999
37,186,64~499,73,2017-01,263,重度污染,西安,229,2.5649999999999999
33,131,58~304,75,2017-02,202,中度污染,西安,173,2.1000000000000001
23,69,50~147,63,2017-03,122,轻度污染,西安,102,1.4609999999999999
15,50,42~298,61,2017-04,121,良,西安,95,1.2869999999999999
13,44,52~457,55,2017-05,113,轻度污染,西安,111,1.048
11,33,45~167,42,2017-06,73,轻度污染,西安,108,1.0329999999999999
8,32,38~201,40,2017-07,74,轻度污染,西安,117,1.1000000000000001
10,35,35~199,41,2017-08,72,良,西安,96,1.1259999999999999
12,44,40~124,53,2017-09,91,良,西安,77,1.2570000000000001
12,50,32~117,50,2017-10,92,良,西安,76,1.423
22,94,68~291,74,2017-11,160,轻度污染,西安,130,1.73
32,112,72~402,80,2017-12,197,中度污染,西安,162,1.8999999999999999
28,141,67~341,76,2018-01,191,中度污染,西安,182,2.048
25,87,47~282,60,2018-02,145,轻度污染,西安,125,1.5569999999999999
16,91,64~238,67,2018-03,167,轻度污染,西安,131,1.5030000000000001
16,59,123~128,69,2018-04,200,轻度污染,西安,126,1.1000000000000001
77,179,77~351,93,2013-12,218,重度污染,武汉,225,1.9399999999999999
68,183,93~337,80,2014-01,195,重度污染,武汉,229,2.0259999999999998
33,93,37~279,46,2014-02,82,轻度污染,武汉,122,1.304
40,83,64~151,60,2014-03,122,轻度污染,武汉,110,1.2190000000000001
29,63,37~184,53,2014-04,96,良,武汉,87,1.097
28,75,43~281,56,2014-05,143,轻度污染,武汉,112,1.0349999999999999
24,83,32~274,44,2014-06,127,轻度污染,武汉,119,1.087
19,44,30~182,39,2014-07,82,良,武汉,81,0.88400000000000001
18,44,47~127,36,2014-08,73,良,武汉,78,0.97099999999999997
22,46,21~125,37,2014-09,76,良,武汉,74,1.0029999999999999
30,91,31~229,60,2014-10,140,轻度污染,武汉,123,1.2229999999999999
32,77,44~285,58,2014-11,94,轻度污染,武汉,105,1.2869999999999999
42,84,73~250,63,2014-12,126,轻度污染,武汉,114,1.2709999999999999
36,123,46~285,74,2015-01,138,中度污染,武汉,161,1.5800000000000001
27,108,31~223,56,2015-02,117,轻度污染,武汉,142,1.4569999999999999
24,68,33~204,49,2015-03,98,良,武汉,94,1.135
20,59,36~133,52,2015-04,110,良,武汉,87,1.0669999999999999
15,65,45~174,45,2015-05,112,轻度污染,武汉,101,1.0229999999999999
13,41,33~116,40,2015-06,78,良,武汉,73,0.91000000000000003
10,36,43~143,33,2015-07,68,良,武汉,76,0.76800000000000002
14,41,23~158,37,2015-08,85,良,武汉,90,0.78400000000000003
19,47,46~146,41,2015-09,88,良,武汉,92,0.92700000000000005
23,71,40~153,65,2015-10,131,轻度污染,武汉,101,1.135
18,57,30~129,46,2015-11,80,良,武汉,78,1.2429999999999999
21,109,55~334,58,2015-12,157,轻度污染,武汉,146,1.2969999999999999
21,107,80~249,51,2016-01,141,轻度污染,武汉,144,1.3519999999999999
20,80,43~228,46,2016-02,123,轻度污染,武汉,113,1.083
19,84,39~202,58,2016-03,136,轻度污染,武汉,115,1.0549999999999999
11,47,42~111,50,2016-04,89,良,武汉,76,1.0070000000000001
8,44,42~122,41,2016-05,86,良,武汉,76,0.81900000000000006
6,31,33~114,38,2016-06,64,良,武汉,69,0.753
5,24,29~128,31,2016-07,57,良,武汉,70,0.66799999999999993
7,34,27~137,34,2016-08,78,良,武汉,86,0.83900000000000008
12,45,34~163,45,2016-09,99,良,武汉,94,0.80700000000000005
8,35,32~113,41,2016-10,59,良,武汉,60,1.0580000000000001
11,61,28~182,52,2016-11,93,良,武汉,84,1.2329999999999999
14,93,62~186,67,2016-12,123,轻度污染,武汉,123,1.4159999999999999
14,89,45~232,54,2017-01,120,轻度污染,武汉,120,1.335
14,73,55~215,57,2017-02,102,轻度污染,武汉,102,1.246
12,64,42~273,58,2017-03,102,良,武汉,94,1.1000000000000001
11,44,37~104,53,2017-04,96,良,武汉,81,1.0600000000000001
8,48,35~500,50,2017-05,119,轻度污染,武汉,103,0.95200000000000007
5,32,33~120,38,2017-06,63,良,武汉,74,0.94700000000000006
4,23,32~125,29,2017-07,57,良,武汉,62,0.7390000000000001
6,24,30~96,32,2017-08,51,良,武汉,64,0.89700000000000002
8,30,34~125,45,2017-09,62,良,武汉,74,1.0669999999999999
9,34,24~134,46,2017-10,65,良,武汉,62,0.96799999999999997
13,76,58~190,70,2017-11,117,轻度污染,武汉,106,1.1799999999999999
16,95,60~230,71,2017-12,130,轻度污染,武汉,128,1.258
11,86,52~226,53,2018-01,93,轻度污染,武汉,116,1.2
12,69,29~169,54,2018-02,100,良,武汉,97,1.1000000000000001
9,50,37~120,57,2018-03,85,良,武汉,77,1.042
9,82,92~127,87,2018-04,153,轻度污染,武汉,110,1.5
